mse_rf,mse_lr,n_productos
5.235084166666667,5.169301022617358,100
