umbral_importe,acc_log,acc_rf,n_registros
9276.0944606414,0.9902912621359223,1.0,343
